id,label,group,level
1,SARS-Cov-2,main virus,1
2,E,viral protein,2
3,M,viral protein,2
4,N,viral protein,2
5,NCAP,viral protein,2
6,Nsp1,viral protein,2
7,Nsp10,viral protein,2
8,Nsp11,viral protein,2
9,Nsp12,viral protein,2
10,Nsp13,viral protein,2
11,Nsp14,viral protein,2
12,Nsp15,viral protein,2
13,Nsp16,viral protein,2
14,Nsp2,viral protein,2
15,Nsp3,viral protein,2
16,Nsp4,viral protein,2
17,Nsp5,viral protein,2
18,Nsp5_C145A,viral protein,2
19,Nsp6,viral protein,2
20,Nsp7,viral protein,2
21,Nsp8,viral protein,2
22,Nsp9,viral protein,2
23,Orf10,viral protein,2
24,Orf3a,viral protein,2
25,Orf3b,viral protein,2
26,Orf6,viral protein,2
27,Orf7a,viral protein,2
28,Orf7b,viral protein,2
29,Orf8,viral protein,2
30,Orf9b,viral protein,2
31,Orf9c,viral protein,2
32,PLpro,viral protein,2
33,R1A,viral protein,2
34,R1AB,viral protein,2
35,Spike,viral protein,2
36,Y14,viral protein,2
37,AAPK2,human protein,3
38,AAR2,human protein,3
39,AASDHPPT,human protein,3
40,AASS,human protein,3
41,AATF,human protein,3
42,ABCB10,human protein,3
43,ABCB8,human protein,3
44,ABCC1,human protein,3
45,ABCC10,human protein,3
46,ABHD16A,human protein,3
47,ABHD5,human protein,3
48,ACAD9,human protein,3
49,ACADM,human protein,3
50,ACADS,human protein,3
51,ACADSB,human protein,3
52,ACAT1,human protein,3
53,ACE2,human protein,3
54,ACLY,human protein,3
55,ACO1,human protein,3
56,ACP2,human protein,3
57,ACSF2,human protein,3
58,ACSL3,human protein,3
59,ACTR3,human protein,3
60,ACVR1,human protein,3
61,ACVR1B,human protein,3
62,ACVR2A,human protein,3
63,ADAM17,human protein,3
64,ADAM9,human protein,3
65,ADAMTS1,human protein,3
66,ADCY6,human protein,3
67,ADCY9,human protein,3
68,ADIPOR1,human protein,3
69,ADPGK,human protein,3
70,AGMAT,human protein,3
71,AGPAT3,human protein,3
72,AGPS,human protein,3
73,AHCYL1,human protein,3
74,AIFM1,human protein,3
75,AK4,human protein,3
76,AKAP8,human protein,3
77,AKAP8L,human protein,3
78,AKAP9,human protein,3
79,AKR1A1,human protein,3
80,AKR1B1,human protein,3
81,AKR7A2,human protein,3
82,AKT1,human protein,3
83,ALDH1A2,human protein,3
84,ALDH5A1,human protein,3
85,ALDOA,human protein,3
86,ALG11,human protein,3
87,ALG13,human protein,3
88,ALG14,human protein,3
89,ALG3,human protein,3
90,ALG5,human protein,3
91,ALG6,human protein,3
92,ALG8,human protein,3
93,AMIGO2,human protein,3
94,ANGPT4,human protein,3
95,ANO6,human protein,3
96,ANXA5,human protein,3
97,ANXA6,human protein,3
98,AP2A2,human protein,3
99,AP2M1,human protein,3
100,AP3B1,human protein,3
101,APH1A,human protein,3
102,APOB,human protein,3
103,APOOL,human protein,3
104,AREG,human protein,3
105,ARF6,human protein,3
106,ARFGEF1,human protein,3
107,ARFGEF2,human protein,3
108,ARFIP1,human protein,3
109,ARHGEF2,human protein,3
110,ARL6IP6,human protein,3
111,ARPC4,human protein,3
112,ARV1,human protein,3
113,ATAD3A,human protein,3
114,ATAD3B,human protein,3
115,ATE1,human protein,3
116,ATF3,human protein,3
117,ATF6,human protein,3
118,ATG9A,human protein,3
119,ATL2,human protein,3
120,ATM,human protein,3
121,ATP11C,human protein,3
122,ATP12A,human protein,3
123,ATP13A1,human protein,3
124,ATP13A3,human protein,3
125,ATP1A1,human protein,3
126,ATP1B1,human protein,3
127,ATP2A2,human protein,3
128,ATP2A3,human protein,3
129,ATP2B4,human protein,3
130,ATP5G3,human protein,3
131,ATP5MG,human protein,3
132,ATP6,human protein,3
133,ATP6AP1,human protein,3
134,ATP6V0A2,human protein,3
135,ATP6V1A,human protein,3
136,ATP6V1B1,human protein,3
137,ATP7B,human protein,3
138,ATP8B1,human protein,3
139,ATP8B2,human protein,3
140,ATR,human protein,3
141,AUP1,human protein,3
142,AURKA,human protein,3
143,AXL,human protein,3
144,B2M,human protein,3
145,B3GALT6,human protein,3
146,B3GAT3,human protein,3
147,B4GALT1,human protein,3
148,B4GALT7,human protein,3
149,B4GAT1,human protein,3
150,BAG2,human protein,3
151,BAG4,human protein,3
152,BAG5,human protein,3
153,BAG6,human protein,3
154,BAMBI,human protein,3
155,BCAM,human protein,3
156,BCAP31,human protein,3
157,BCAS2,human protein,3
158,BCKDK,human protein,3
159,BCS1L,human protein,3
160,BET1,human protein,3
161,BLM,human protein,3
162,BLVRA,human protein,3
163,BLVRB,human protein,3
164,BMPR1A,human protein,3
165,BMPR1B,human protein,3
166,BMPR2,human protein,3
167,BNIP3L,human protein,3
168,BOP1,human protein,3
169,BRD2,human protein,3
170,BRD4,human protein,3
171,BRI3BP,human protein,3
172,BROX,human protein,3
173,BSCL2,human protein,3
174,BTAF1,human protein,3
175,BZW2,human protein,3
176,C11orf24,human protein,3
177,C15orf39,human protein,3
178,C15orf61,human protein,3
179,C1orf159,human protein,3
180,C1orf174,human protein,3
181,C1orf50,human protein,3
182,C1ORF50,human protein,3
183,C1orf86; FAAP20,human protein,3
184,C1QBP,human protein,3
185,C1QL1,human protein,3
186,C2CD2,human protein,3
187,C4orf3,human protein,3
188,C5,human protein,3
189,C5orf15,human protein,3
190,C6orf120,human protein,3
191,CA12,human protein,3
192,CAAP1,human protein,3
193,CACNG6,human protein,3
194,CALD1,human protein,3
195,CALML5,human protein,3
196,CALU,human protein,3
197,CANT1,human protein,3
198,CANX,human protein,3
199,CAP1,human protein,3
200,CAPRIN1,human protein,3
201,CAPZA1,human protein,3
202,CAPZA2,human protein,3
203,CAPZB,human protein,3
204,CAV1,human protein,3
205,CAV2,human protein,3
206,CBR1,human protein,3
207,CCDC115,human protein,3
208,CCDC86,human protein,3
209,CCDC9,human protein,3
210,CCNG1,human protein,3
211,CCNT1,human protein,3
212,CCT3,human protein,3
213,CCT4,human protein,3
214,CCT5,human protein,3
215,CCT6A,human protein,3
216,CCT8,human protein,3
217,CD209,human protein,3
218,CD38,human protein,3
219,CD44,human protein,3
220,CD70,human protein,3
221,CD81,human protein,3
222,CD99,human protein,3
223,CD99L2,human protein,3
224,CDH16,human protein,3
225,CDH17,human protein,3
226,CDK1,human protein,3
227,CDK2,human protein,3
228,CDK5RAP2,human protein,3
229,CDK5RAP3,human protein,3
230,CELSR2,human protein,3
231,CENPF,human protein,3
232,CEP112,human protein,3
233,CEP135,human protein,3
234,CEP170,human protein,3
235,CEP170B,human protein,3
236,CEP250,human protein,3
237,CEP350,human protein,3
238,CEP43,human protein,3
239,CEP68,human protein,3
240,CERS1,human protein,3
241,CERS2,human protein,3
242,CERS6,human protein,3
243,CHMP2A,human protein,3
244,CHPF,human protein,3
245,CHPF2,human protein,3
246,CHPT1,human protein,3
247,CHRNA5,human protein,3
248,CHST14,human protein,3
249,CISD3,human protein,3
250,CIT,human protein,3
251,CKAP4,human protein,3
252,CLC4G,human protein,3
253,CLC4M,human protein,3
254,CLCC1,human protein,3
255,CLCN7,human protein,3
256,CLDN1,human protein,3
257,CLDN12,human protein,3
258,CLIP1,human protein,3
259,CLIP4,human protein,3
260,CLPB,human protein,3
261,CLU,human protein,3
262,CMIP,human protein,3
263,CMTM4,human protein,3
264,CNDP2,human protein,3
265,CNNM3,human protein,3
266,CNTNAP3,human protein,3
267,CNTNAP3B,human protein,3
268,CNTRL,human protein,3
269,COG1,human protein,3
270,COG2,human protein,3
271,COG3,human protein,3
272,COG7,human protein,3
273,COL18A1,human protein,3
274,COL6A1,human protein,3
275,COLGALT1,human protein,3
276,COMT,human protein,3
277,COPA,human protein,3
278,COPB1,human protein,3
279,COPB2,human protein,3
280,COPG2,human protein,3
281,COQ8B,human protein,3
282,CORO1C,human protein,3
283,COTL1,human protein,3
284,COX2,human protein,3
285,CPD,human protein,3
286,CREB5,human protein,3
287,CRIM1,human protein,3
288,CRKL,human protein,3
289,CRTC3,human protein,3
290,CS,human protein,3
291,CSDE1,human protein,3
292,CSGALNACT1,human protein,3
293,CSK21,human protein,3
294,CSN5,human protein,3
295,CSNK2A2,human protein,3
296,CSNK2B,human protein,3
297,CTDNEP1,human protein,3
298,CTLP3,human protein,3
299,CTNNA1,human protein,3
300,CTNNA2,human protein,3
301,CTSB,human protein,3
302,CTTN,human protein,3
303,CUL2,human protein,3
304,CUX1,human protein,3
305,CWC27,human protein,3
306,CXCL5,human protein,3
307,CYB5A,human protein,3
308,CYB5B,human protein,3
309,CYB5R3,human protein,3
310,CYBRD1,human protein,3
311,CYP1B1,human protein,3
312,CYP2S1,human protein,3
313,CYP4F8,human protein,3
314,DAD1,human protein,3
315,DAGLB,human protein,3
316,DCAF7,human protein,3
317,DCAKD,human protein,3
318,DCBLD2,human protein,3
319,DCTN2,human protein,3
320,DCTPP1,human protein,3
321,DDR1,human protein,3
322,DDT,human protein,3
323,DDX1,human protein,3
324,DDX10,human protein,3
325,DDX20,human protein,3
326,DDX21,human protein,3
327,DDX24,human protein,3
328,DDX39A,human protein,3
329,DDX41,human protein,3
330,DEGS1,human protein,3
331,DERL1,human protein,3
332,DERL3,human protein,3
333,DHCR24,human protein,3
334,DHCR7,human protein,3
335,DHRS7,human protein,3
336,DIMT1,human protein,3
337,DIS3,human protein,3
338,DKC1,human protein,3
339,DLD,human protein,3
340,DLG1,human protein,3
341,DLGAP4,human protein,3
342,DNAJA1,human protein,3
343,DNAJA2,human protein,3
344,DNAJA3,human protein,3
345,DNAJB2,human protein,3
346,DNAJC10,human protein,3
347,DNAJC11,human protein,3
348,DNAJC19,human protein,3
349,DNAJC7,human protein,3
350,DNMT1,human protein,3
351,DOCK4,human protein,3
352,DOCK5,human protein,3
353,DOCK6,human protein,3
354,DOCK7,human protein,3
355,DOLK,human protein,3
356,DPAGT1,human protein,3
357,DPH5,human protein,3
358,DPM1,human protein,3
359,DPY19L1,human protein,3
360,DPY19L2,human protein,3
361,DPY19L3,human protein,3
362,DPY19L4,human protein,3
363,DRAM2,human protein,3
364,DSC3,human protein,3
365,DSP,human protein,3
366,DTNB,human protein,3
367,DTYMK,human protein,3
368,DYNC1LI1,human protein,3
369,DYNC2H1,human protein,3
370,EBNA1BP2,human protein,3
371,EBP,human protein,3
372,ECE1,human protein,3
373,ECI1,human protein,3
374,ECSIT,human protein,3
375,EDC4,human protein,3
376,EDEM3,human protein,3
377,EEA1,human protein,3
378,EEF1A2,human protein,3
379,EFHD2,human protein,3
380,EFNB1,human protein,3
381,EGFL7,human protein,3
382,EI24,human protein,3
383,EIF2A,human protein,3
384,EIF2S3,human protein,3
385,EIF3A,human protein,3
386,EIF3B,human protein,3
387,EIF3E,human protein,3
388,EIF3F,human protein,3
389,EIF4E2,human protein,3
390,EIF4H,human protein,3
391,ELF3,human protein,3
392,ELMO2,human protein,3
393,ELOB,human protein,3
394,ELOC,human protein,3
395,ELOVL5,human protein,3
396,ELOVL6,human protein,3
397,ELOVL7,human protein,3
398,EMC1,human protein,3
399,EMC10,human protein,3
400,EMC2,human protein,3
401,EMC3,human protein,3
402,EMC4,human protein,3
403,EMC8,human protein,3
404,EMD,human protein,3
405,EML4,human protein,3
406,ENDOD1,human protein,3
407,ENO1,human protein,3
408,ENTPD4,human protein,3
409,ENTPD6,human protein,3
410,EPCAM,human protein,3
411,EPHA2,human protein,3
412,EPHB2,human protein,3
413,EPHB3,human protein,3
414,ERBB2,human protein,3
415,ERBB3,human protein,3
416,ERC1,human protein,3
417,ERGIC1,human protein,3
418,ERGIC2,human protein,3
419,ERLEC1,human protein,3
420,ERLIN1,human protein,3
421,ERMP1,human protein,3
422,ERO1B,human protein,3
423,ERP44,human protein,3
424,ETFA,human protein,3
425,EVA1C,human protein,3
426,EXOG,human protein,3
427,EXOSC2,human protein,3
428,EXOSC3,human protein,3
429,EXOSC5,human protein,3
430,EXOSC7,human protein,3
431,EXOSC8,human protein,3
432,EXT1,human protein,3
433,EXTL2,human protein,3
434,EXTL3,human protein,3
435,EZR,human protein,3
436,F2RL1,human protein,3
437,FADS2,human protein,3
438,FADS3,human protein,3
439,FAF2,human protein,3
440,FAM162A,human protein,3
441,FAM20B,human protein,3
442,FAM20C,human protein,3
443,FAM50A,human protein,3
444,FAM57A,human protein,3
445,FAM8A1,human protein,3
446,FAM98A,human protein,3
447,FANCD2,human protein,3
448,FANCG,human protein,3
449,FANCI,human protein,3
450,FAR2,human protein,3
451,FAS,human protein,3
452,FASN,human protein,3
453,FASTKD1,human protein,3
454,FASTKD5,human protein,3
455,FBLN5,human protein,3
456,FBN1,human protein,3
457,FBN2,human protein,3
458,FBW1B,human protein,3
459,FBXL12,human protein,3
460,FBXO46,human protein,3
461,FGA,human protein,3
462,FGB,human protein,3
463,FGFR1,human protein,3
464,FH,human protein,3
465,FITM2,human protein,3
466,FKBP10,human protein,3
467,FKBP15,human protein,3
468,FKBP1A,human protein,3
469,FKBP3,human protein,3
470,FKBP7,human protein,3
471,FKBP8,human protein,3
472,FKRP,human protein,3
473,FLNC,human protein,3
474,FLRT3,human protein,3
475,FMR1,human protein,3
476,FOCAD,human protein,3
477,FOXRED2,human protein,3
478,FPGS,human protein,3
479,FSCN1,human protein,3
480,FURIN,human protein,3
481,FUT8,human protein,3
482,FXR1,human protein,3
483,FXR2,human protein,3
484,FXYD2,human protein,3
485,FYCO1,human protein,3
486,FZD7,human protein,3
487,G3BP1,human protein,3
488,G3BP2,human protein,3
489,GABARAPL2,human protein,3
490,GAL3ST1,human protein,3
491,GALK1,human protein,3
492,GALNT1,human protein,3
493,GALNT10,human protein,3
494,GALNT12,human protein,3
495,GAPDH,human protein,3
496,GBF1,human protein,3
497,GCC1,human protein,3
498,GCC2,human protein,3
499,GCLC,human protein,3
500,GCNT3,human protein,3
501,GDF15,human protein,3
502,GEMIN4,human protein,3
503,GFER,human protein,3
504,GGCX,human protein,3
505,GGH,human protein,3
506,GGT1,human protein,3
507,GGT7,human protein,3
508,GHITM,human protein,3
509,GIGYF2,human protein,3
510,GINM1,human protein,3
511,GJA1,human protein,3
512,GLA,human protein,3
513,GLCE,human protein,3
514,GLO1,human protein,3
515,GLYM,human protein,3
516,GNA13,human protein,3
517,GNAQ,human protein,3
518,GNAS,human protein,3
519,GNB1,human protein,3
520,GNG5,human protein,3
521,GNPAT,human protein,3
522,GOLGA2,human protein,3
523,GOLGA3,human protein,3
524,GOLGA5,human protein,3
525,GOLGA7,human protein,3
526,GOLGB1,human protein,3
527,GOLIM4,human protein,3
528,GOLM1,human protein,3
529,GORASP1,human protein,3
530,GORASP2,human protein,3
531,GOSR1,human protein,3
532,GOSR2,human protein,3
533,GPAA1,human protein,3
534,GPD2,human protein,3
535,GPI,human protein,3
536,GPR37,human protein,3
537,GPR39,human protein,3
538,GPR89A,human protein,3
539,GPR89A; GPR89B,human protein,3
540,GPX1,human protein,3
541,GPX8,human protein,3
542,GRIPAP1,human protein,3
543,GRPEL1,human protein,3
544,GSK3A,human protein,3
545,GTF2F2,human protein,3
546,GTF3C1,human protein,3
547,GTPBP4,human protein,3
548,GUF1,human protein,3
549,GUSB,human protein,3
550,HADHA,human protein,3
551,HARS2,human protein,3
552,HAUS6,human protein,3
553,HAVCR1,human protein,3
554,HAX1,human protein,3
555,HDAC2,human protein,3
556,HDGF,human protein,3
557,HEATR3,human protein,3
558,HECTD1,human protein,3
559,HERC1,human protein,3
560,HFE,human protein,3
561,HIGD2A,human protein,3
562,HINT1,human protein,3
563,HLA-A,human protein,3
564,HLA-C,human protein,3
565,HLA-DMB,human protein,3
566,HLA-DQB1,human protein,3
567,HLA-E,human protein,3
568,HLA-G,human protein,3
569,HMGA1,human protein,3
570,HMGCR,human protein,3
571,HMGCS2,human protein,3
572,HMGN1,human protein,3
573,HMOX1,human protein,3
574,HMOX2,human protein,3
575,HNRNPA0,human protein,3
576,HNRNPK,human protein,3
577,HNRNPUL1,human protein,3
578,HNRNPUL2,human protein,3
579,HOOK1,human protein,3
580,HOOK2,human protein,3
581,HOOK3,human protein,3
582,HP1BP3,human protein,3
583,HPCAL1,human protein,3
584,HS2ST1,human protein,3
585,HS6ST2,human protein,3
586,HSBP1,human protein,3
587,HSPA13,human protein,3
588,HSPA1A,human protein,3
589,HSPA2,human protein,3
590,HSPA4,human protein,3
591,HSPA4L,human protein,3
592,HSPA5,human protein,3
593,HSPA6,human protein,3
594,HSPA8,human protein,3
595,HSPA9,human protein,3
596,HSPH1,human protein,3
597,HTATIP2,human protein,3
598,HYOU1,human protein,3
599,IDE,human protein,3
600,IDH1,human protein,3
601,IFITM1,human protein,3
602,IFNGR1,human protein,3
603,IGF2R,human protein,3
604,IGFBP3,human protein,3
605,IGFBP4,human protein,3
606,IKKB,human protein,3
607,IKKE,human protein,3
608,IL10RB,human protein,3
609,IL13RA1,human protein,3
610,IL17RA,human protein,3
611,IL31RA,human protein,3
612,IL6ST,human protein,3
613,IMMP1L,human protein,3
614,IMMT,human protein,3
615,IMPDH2,human protein,3
616,INHBE,human protein,3
617,INTS1,human protein,3
618,INTS12,human protein,3
619,INTS2,human protein,3
620,INTS4,human protein,3
621,INTS5,human protein,3
622,INTS8,human protein,3
623,IPO11,human protein,3
624,IPO13,human protein,3
625,IPO8,human protein,3
626,IRAK1,human protein,3
627,ISG15,human protein,3
628,ITCH,human protein,3
629,ITGA3,human protein,3
630,ITGA6,human protein,3
631,ITGB1,human protein,3
632,ITM2B,human protein,3
633,ITM2C,human protein,3
634,ITPRIPL2,human protein,3
635,JAGN1,human protein,3
636,JAK2,human protein,3
637,JAKMIP1,human protein,3
638,JUND,human protein,3
639,KAPCA,human protein,3
640,KATNBL1,human protein,3
641,KDELR1,human protein,3
642,KDELR3,human protein,3
643,KDM6A,human protein,3
644,KHSRP,human protein,3
645,KIAA0319,human protein,3
646,KIAA0930,human protein,3
647,KIF5B,human protein,3
648,KIF5C,human protein,3
649,KLHDC2,human protein,3
650,KPCA,human protein,3
651,KRI1,human protein,3
652,KYNU,human protein,3
653,L2HGDH,human protein,3
654,LAPTM4A,human protein,3
655,LARP1,human protein,3
656,LARP4B,human protein,3
657,LARP7,human protein,3
658,LCLAT1,human protein,3
659,LDHA,human protein,3
660,LDHB,human protein,3
661,LDLR,human protein,3
662,LEMD3,human protein,3
663,LETMD1,human protein,3
664,LGALS1,human protein,3
665,LGALS3,human protein,3
666,LGR4,human protein,3
667,LMAN1,human protein,3
668,LMAN2,human protein,3
669,LMAN2L,human protein,3
670,LMBRD2,human protein,3
671,LMCD1,human protein,3
672,LOC101060567; PEX11B,human protein,3
673,LOX,human protein,3
674,LPAR1,human protein,3
675,LPCAT3,human protein,3
676,LPCAT4,human protein,3
677,LRBA,human protein,3
678,LRFN1,human protein,3
679,LRFN4,human protein,3
680,LRIG3,human protein,3
681,LRP10,human protein,3
682,LRP11,human protein,3
683,LRP12,human protein,3
684,LRP8,human protein,3
685,LRRC47,human protein,3
686,LRRC7,human protein,3
687,LRRC8A,human protein,3
688,LRRC8D,human protein,3
689,LRRN2,human protein,3
690,LSR,human protein,3
691,LSS,human protein,3
692,LTBP1,human protein,3
693,LTBR,human protein,3
694,LTN1,human protein,3
695,LUC7L2,human protein,3
696,LYAR,human protein,3
697,MALL,human protein,3
698,MAN1B1,human protein,3
699,MAN2A1,human protein,3
700,MAP4,human protein,3
701,MAP7D1,human protein,3
702,MAPRE1,human protein,3
703,MARCKS,human protein,3
704,MARK1,human protein,3
705,MARK2,human protein,3
706,MARK3,human protein,3
707,MAT2B,human protein,3
708,MAVS,human protein,3
709,MAZ,human protein,3
710,MBTPS2,human protein,3
711,MCFD2,human protein,3
712,MCM2,human protein,3
713,MCM3,human protein,3
714,MCM3AP,human protein,3
715,MCM7,human protein,3
716,MDH1,human protein,3
717,MDN1,human protein,3
718,MED24,human protein,3
719,MEPCE,human protein,3
720,MET,human protein,3
721,METTL16,human protein,3
722,METTL7B,human protein,3
723,MFAP3L,human protein,3
724,MFGE8,human protein,3
725,MFSD10,human protein,3
726,MFSD11,human protein,3
727,MFSD3,human protein,3
728,MFSD5,human protein,3
729,MFSD8,human protein,3
730,MGLL,human protein,3
731,MGRN1,human protein,3
732,MGST1,human protein,3
733,MIB1,human protein,3
734,MICA,human protein,3
735,MIPEP,human protein,3
736,MIPOL1,human protein,3
737,MKI67,human protein,3
738,MKRN2,human protein,3
739,MMP15,human protein,3
740,MOB4,human protein,3
741,MOGS,human protein,3
742,MOSPD2,human protein,3
743,MOV10,human protein,3
744,MPHOSPH10,human protein,3
745,MPZL1,human protein,3
746,MRC2,human protein,3
747,MROH1,human protein,3
748,MRPL15,human protein,3
749,MRPS2,human protein,3
750,MRPS22,human protein,3
751,MRPS25,human protein,3
752,MRPS27,human protein,3
753,MRPS5,human protein,3
754,MRTO4,human protein,3
755,MSMO1,human protein,3
756,MSN,human protein,3
757,MSX2,human protein,3
758,MTARC1,human protein,3
759,MTCH1,human protein,3
760,MTDH,human protein,3
761,MTFP1,human protein,3
762,MTFR1L,human protein,3
763,MTHFD1,human protein,3
764,MTHFD1L,human protein,3
765,MTPN,human protein,3
766,MTX1,human protein,3
767,MUC13,human protein,3
768,MUL1,human protein,3
769,MYCBP2,human protein,3
770,MYH16,human protein,3
771,MYL12A,human protein,3
772,MYL6,human protein,3
773,MYO1B,human protein,3
774,MYO6,human protein,3
775,MYOF,human protein,3
776,MYRF,human protein,3
777,NAA10,human protein,3
778,NACA,human protein,3
779,NAPA,human protein,3
780,NAPG,human protein,3
781,NARS2,human protein,3
782,NAT10,human protein,3
783,NAT14,human protein,3
784,NBR1,human protein,3
785,NCAPD3,human protein,3
786,NCAPG2,human protein,3
787,NCAPH2,human protein,3
788,NCEH1,human protein,3
789,NCOA4,human protein,3
790,NCSTN,human protein,3
791,ND1,human protein,3
792,NDC1,human protein,3
793,NDFIP1,human protein,3
794,NDFIP2,human protein,3
795,NDRG1,human protein,3
796,NDUFA10,human protein,3
797,NDUFA12,human protein,3
798,NDUFAF1,human protein,3
799,NDUFAF2,human protein,3
800,NDUFB11,human protein,3
801,NDUFB9,human protein,3
802,NDUFS2,human protein,3
803,NDUFS8,human protein,3
804,NEDD1,human protein,3
805,NEK9,human protein,3
806,NEO1,human protein,3
807,NETO2,human protein,3
808,NEU1,human protein,3
809,NF1,human protein,3
810,NFE2L2,human protein,3
811,NGDN,human protein,3
812,NGLY1,human protein,3
813,NIN,human protein,3
814,NINL,human protein,3
815,NIPA1,human protein,3
816,NKRF,human protein,3
817,NLRX1,human protein,3
818,NME3,human protein,3
819,NOC3L,human protein,3
820,NOL10,human protein,3
821,NOP2,human protein,3
822,NOP56,human protein,3
823,NOTCH1,human protein,3
824,NOTCH2,human protein,3
825,NOTCH3,human protein,3
826,NPC2,human protein,3
827,NPEPPS,human protein,3
828,NPLOC4,human protein,3
829,NPTX1,human protein,3
830,NR2C2,human protein,3
831,NR5A2,human protein,3
832,NRG1,human protein,3
833,NRP2,human protein,3
834,NRSN2,human protein,3
835,NSD2,human protein,3
836,NSF,human protein,3
837,Nsp15_NUTF2,human protein,3
838,nsp31W,human protein,3
839,nsp33W,human protein,3
840,Nsp8_SRP19,human protein,3
841,Nsp8_SRP54,human protein,3
842,Nsp8_SRP72,human protein,3
843,NT5C3A,human protein,3
844,NTS,human protein,3
845,NUBP2,human protein,3
846,NUBPL,human protein,3
847,NUP188,human protein,3
848,NUP205,human protein,3
849,NUP210,human protein,3
850,NUP214,human protein,3
851,NUP54,human protein,3
852,NUP58,human protein,3
853,NUP62,human protein,3
854,NUP88,human protein,3
855,NUP93,human protein,3
856,NUP98,human protein,3
857,NUTF2,human protein,3
858,NVL,human protein,3
859,OAT,human protein,3
860,OCIAD2,human protein,3
861,OPA3,human protein,3
862,OPN3,human protein,3
863,ORAI1,human protein,3
864,OS9,human protein,3
865,OSMR,human protein,3
866,OSTC,human protein,3
867,P3H4,human protein,3
868,PABPC1,human protein,3
869,PABPC4,human protein,3
870,PAICS,human protein,3
871,PAK1IP1,human protein,3
872,PAQR5,human protein,3
873,PC,human protein,3
874,PCBP1,human protein,3
875,PCBP2,human protein,3
876,PCCA,human protein,3
877,PCCB,human protein,3
878,PCDH9,human protein,3
879,PCDHA12,human protein,3
880,PCDHA4,human protein,3
881,PCDHAC2,human protein,3
882,PCDHGC3,human protein,3
883,PCNP,human protein,3
884,PCNT,human protein,3
885,PCSK6,human protein,3
886,PDE4DIP,human protein,3
887,PDIA3,human protein,3
888,PDLIM1,human protein,3
889,PDPR,human protein,3
890,PDS5A,human protein,3
891,PDZD11,human protein,3
892,PEG10,human protein,3
893,PEX10,human protein,3
894,PEX13,human protein,3
895,PEX2,human protein,3
896,PEX6,human protein,3
897,PFDN2,human protein,3
898,PFKFB3,human protein,3
899,PFKP,human protein,3
900,PGAP2,human protein,3
901,PGM1,human protein,3
902,PHB,human protein,3
903,PHB2,human protein,3
904,PHPT1,human protein,3
905,PI4K2A,human protein,3
906,PIGO,human protein,3
907,PIGS,human protein,3
908,PIGT,human protein,3
909,PIGU,human protein,3
910,PIK3R3,human protein,3
911,PISD,human protein,3
912,PITRM1,human protein,3
913,PKP2,human protein,3
914,PLAT,human protein,3
915,PLAU,human protein,3
916,PLD3,human protein,3
917,PLEKHA5,human protein,3
918,PLEKHF2,human protein,3
919,PLEKHG4,human protein,3
920,PLIN2,human protein,3
921,PLIN3,human protein,3
922,PLOD2,human protein,3
923,PLP2,human protein,3
924,PLRG1,human protein,3
925,PLS3,human protein,3
926,PLXNA1,human protein,3
927,PLXND1,human protein,3
928,PMEPA1,human protein,3
929,PMM2,human protein,3
930,PMPCA,human protein,3
931,PMPCB,human protein,3
932,PNKD,human protein,3
933,PNPLA2,human protein,3
934,POFUT1,human protein,3
935,POGLUT2,human protein,3
936,POGLUT3,human protein,3
937,POLA1,human protein,3
938,POLA2,human protein,3
939,POLD3,human protein,3
940,POLR2B,human protein,3
941,POLR2J3; UPK3BL; UPK3BL1; LOC102724187; LOC107983993; UPK3BL2,human protein,3
942,POLRMT,human protein,3
943,POMGNT1,human protein,3
944,POMT1,human protein,3
945,POR,human protein,3
946,PPA1,human protein,3
947,PPA2,human protein,3
948,PPIA,human protein,3
949,PPIC,human protein,3
950,PPIL3,human protein,3
951,PPM1B,human protein,3
952,PPP1CB,human protein,3
953,PPP2R1A,human protein,3
954,PPP4R2,human protein,3
955,PPP6R3,human protein,3
956,PPT1,human protein,3
957,PRAF2,human protein,3
958,PRIM1,human protein,3
959,PRIM2,human protein,3
960,PRKACA,human protein,3
961,PRKAR2A,human protein,3
962,PRKAR2B,human protein,3
963,PRKCSH,human protein,3
964,PRKDC,human protein,3
965,PRKRA,human protein,3
966,PROCR,human protein,3
967,PROS1,human protein,3
968,PRPF3,human protein,3
969,PRPF31,human protein,3
970,PRPF39,human protein,3
971,PRPF40A,human protein,3
972,PRPF4B,human protein,3
973,PRPS2,human protein,3
974,PRRC1,human protein,3
975,PRRC2A,human protein,3
976,PRRC2B,human protein,3
977,PSAT1,human protein,3
978,PSEN2,human protein,3
979,PSMA4,human protein,3
980,PSMA6,human protein,3
981,PSMA7,human protein,3
982,PSMC1,human protein,3
983,PSMC2,human protein,3
984,PSMC5,human protein,3
985,PSMD1,human protein,3
986,PSMD11,human protein,3
987,PSMD13,human protein,3
988,PSMD2,human protein,3
989,PSMD6,human protein,3
990,PSMD7,human protein,3
991,PSMD8,human protein,3
992,PTBP1,human protein,3
993,PTBP2,human protein,3
994,PTDSS1,human protein,3
995,PTDSS2,human protein,3
996,PTGES,human protein,3
997,PTGES2,human protein,3
998,PTGR1,human protein,3
999,PTPLAD1; HACD3,human protein,3
1000,PTPLB; HACD2,human protein,3
1001,PTPMT1,human protein,3
1002,PTPN11,human protein,3
1003,PTPRA,human protein,3
1004,PTPRF,human protein,3
1005,PTPRJ,human protein,3
1006,PTPRM,human protein,3
1007,PTPRS,human protein,3
1008,PTRH2,human protein,3
1009,PUF60,human protein,3
1010,PUSL1,human protein,3
1011,PVR,human protein,3
1012,PWP1,human protein,3
1013,PYROXD2,human protein,3
1014,QPCTL,human protein,3
1015,QSOX1,human protein,3
1016,QSOX2,human protein,3
1017,RAB10,human protein,3
1018,RAB13,human protein,3
1019,RAB14,human protein,3
1020,RAB18,human protein,3
1021,RAB1A,human protein,3
1022,RAB21,human protein,3
1023,RAB2A,human protein,3
1024,RAB31,human protein,3
1025,RAB32,human protein,3
1026,RAB34,human protein,3
1027,RAB3D,human protein,3
1028,RAB5A,human protein,3
1029,RAB5B,human protein,3
1030,RAB5C,human protein,3
1031,RAB7A,human protein,3
1032,RAB8A,human protein,3
1033,RAB9A,human protein,3
1034,RABGAP1L,human protein,3
1035,RABL3,human protein,3
1036,RAD17,human protein,3
1037,RAD23B,human protein,3
1038,RAE1,human protein,3
1039,RALA,human protein,3
1040,RANBP6,human protein,3
1041,RAP1GDS1,human protein,3
1042,RBBP7,human protein,3
1043,RBFOX2,human protein,3
1044,RBFOX3,human protein,3
1045,RBM28,human protein,3
1046,RBM34,human protein,3
1047,RBM39,human protein,3
1048,RBM41,human protein,3
1049,RBM5,human protein,3
1050,RBMX,human protein,3
1051,RBX1,human protein,3
1052,RCN1,human protein,3
1053,RCN2,human protein,3
1054,RDH14,human protein,3
1055,RDX,human protein,3
1056,REEP5,human protein,3
1057,REEP6,human protein,3
1058,RELL1,human protein,3
1059,RETREG3,human protein,3
1060,RFC1,human protein,3
1061,RFC2,human protein,3
1062,RFC3,human protein,3
1063,RFT1,human protein,3
1064,RHBDD2,human protein,3
1065,RHBDD3,human protein,3
1066,RHBDF2,human protein,3
1067,RHEB,human protein,3
1068,RHOA,human protein,3
1069,RHOB,human protein,3
1070,RIF1,human protein,3
1071,RIPK1,human protein,3
1072,RMND1,human protein,3
1073,RNF130,human protein,3
1074,RNF145,human protein,3
1075,RNF149,human protein,3
1076,RNF185,human protein,3
1077,RNF19A,human protein,3
1078,RNF213,human protein,3
1079,RNF41,human protein,3
1080,RNF5,human protein,3
1081,RNF8,human protein,3
1082,RNPEP,human protein,3
1083,ROR1,human protein,3
1084,RPL36,human protein,3
1085,RPL38,human protein,3
1086,RPL39,human protein,3
1087,RPS10,human protein,3
1088,RPS11,human protein,3
1089,RPS12,human protein,3
1090,RPS14,human protein,3
1091,RPS16,human protein,3
1092,RPS17,human protein,3
1093,RPS18,human protein,3
1094,RPS2,human protein,3
1095,RPS5,human protein,3
1096,RPSA,human protein,3
1097,RRP9,human protein,3
1098,RSL1D1,human protein,3
1099,RTCB,human protein,3
1100,RTN4,human protein,3
1101,RUFY2,human protein,3
1102,S1PR3,human protein,3
1103,S1PR5,human protein,3
1104,SAAL1,human protein,3
1105,SAMD8,human protein,3
1106,SARM1,human protein,3
1107,SART3,human protein,3
1108,SAYSD1,human protein,3
1109,SBNO1,human protein,3
1110,SC5D; SC5DL,human protein,3
1111,SCAF4,human protein,3
1112,SCAI,human protein,3
1113,SCAMP1,human protein,3
1114,SCAMP2,human protein,3
1115,SCAMP3,human protein,3
1116,SCAMP4,human protein,3
1117,SCAP,human protein,3
1118,SCARA5,human protein,3
1119,SCARB1,human protein,3
1120,SCCPDH,human protein,3
1121,SCFD1,human protein,3
1122,SDF2,human protein,3
1123,SDF4,human protein,3
1124,SEC16A,human protein,3
1125,SEC23IP,human protein,3
1126,SEC31A,human protein,3
1127,SEC61A1,human protein,3
1128,SEC61B,human protein,3
1129,SEC61G,human protein,3
1130,SELENOS,human protein,3
1131,SEMA4B,human protein,3
1132,SEMA4C,human protein,3
1133,SENP2,human protein,3
1134,SEPSECS,human protein,3
1135,SERBP1,human protein,3
1136,SERPINE1,human protein,3
1137,SERPINE2,human protein,3
1138,SETD2,human protein,3
1139,SGCB,human protein,3
1140,SGCD,human protein,3
1141,SGCE,human protein,3
1142,SGPP1,human protein,3
1143,SGSM3,human protein,3
1144,SHC1,human protein,3
1145,SIAH1,human protein,3
1146,SIGMAR1,human protein,3
1147,SIL1,human protein,3
1148,SIRT5,human protein,3
1149,SLC12A4,human protein,3
1150,SLC12A6,human protein,3
1151,SLC12A7,human protein,3
1152,SLC15A4,human protein,3
1153,SLC16A4,human protein,3
1154,SLC16A6,human protein,3
1155,SLC18B1,human protein,3
1156,SLC19A2,human protein,3
1157,SLC20A1,human protein,3
1158,SLC22A5,human protein,3
1159,SLC23A2,human protein,3
1160,SLC25A1,human protein,3
1161,SLC25A11,human protein,3
1162,SLC25A12,human protein,3
1163,SLC25A2,human protein,3
1164,SLC25A21,human protein,3
1165,SLC25A22,human protein,3
1166,SLC25A3,human protein,3
1167,SLC25A52,human protein,3
1168,SLC26A2,human protein,3
1169,SLC27A2,human protein,3
1170,SLC29A3,human protein,3
1171,SLC2A6,human protein,3
1172,SLC30A1,human protein,3
1173,SLC30A5,human protein,3
1174,SLC30A6,human protein,3
1175,SLC30A7,human protein,3
1176,SLC30A9,human protein,3
1177,SLC33A1,human protein,3
1178,SLC35A1,human protein,3
1179,SLC35A2,human protein,3
1180,SLC35B4,human protein,3
1181,SLC35F5,human protein,3
1182,SLC35F6,human protein,3
1183,SLC37A4,human protein,3
1184,SLC38A2,human protein,3
1185,SLC39A10,human protein,3
1186,SLC39A14,human protein,3
1187,SLC39A6,human protein,3
1188,SLC39A7,human protein,3
1189,SLC44A2,human protein,3
1190,SLC44A5,human protein,3
1191,SLC45A1,human protein,3
1192,SLC46A1,human protein,3
1193,SLC47A2,human protein,3
1194,SLC4A10,human protein,3
1195,SLC4A2,human protein,3
1196,SLC4A4,human protein,3
1197,SLC6A15,human protein,3
1198,SLC6A6,human protein,3
1199,SLC7A5,human protein,3
1200,SLC7A6,human protein,3
1201,SLC9A1,human protein,3
1202,SLC9A3R1,human protein,3
1203,SLK,human protein,3
1204,SLU7,human protein,3
1205,SMC2,human protein,3
1206,SMC4,human protein,3
1207,SMIM1,human protein,3
1208,SMOC1,human protein,3
1209,SMPD4,human protein,3
1210,SMS,human protein,3
1211,SNAP25,human protein,3
1212,SND1,human protein,3
1213,SNIP1,human protein,3
1214,SNRNP70,human protein,3
1215,SNRPA,human protein,3
1216,SNX1,human protein,3
1217,SNX17,human protein,3
1218,SNX2,human protein,3
1219,SNX27,human protein,3
1220,SORT1,human protein,3
1221,SP1,human protein,3
1222,SPAG9,human protein,3
1223,SPART,human protein,3
1224,SPG11,human protein,3
1225,SPINT2,human protein,3
1226,SPIRE1,human protein,3
1227,SPNS1,human protein,3
1228,SPTLC2,human protein,3
1229,SQLE,human protein,3
1230,SRBD1,human protein,3
1231,SRP19,human protein,3
1232,SRP54,human protein,3
1233,SRP72,human protein,3
1234,SRPK1,human protein,3
1235,SRPRB,human protein,3
1236,SRSF5,human protein,3
1237,SRXN1,human protein,3
1238,SSBP1,human protein,3
1239,ST7,human protein,3
1240,ST8SIA4,human protein,3
1241,STAM2,human protein,3
1242,STARD3NL,human protein,3
1243,STAT6,human protein,3
1244,STC2,human protein,3
1245,STEAP1B,human protein,3
1246,STEAP2,human protein,3
1247,STEAP3,human protein,3
1248,STIP1,human protein,3
1249,STK11IP,human protein,3
1250,STOM,human protein,3
1251,STOML2,human protein,3
1252,STRA6,human protein,3
1253,STRAP,human protein,3
1254,STT3A,human protein,3
1255,STUB1,human protein,3
1256,STX10,human protein,3
1257,STX12,human protein,3
1258,STX16,human protein,3
1259,STX2,human protein,3
1260,STX4,human protein,3
1261,STX5,human protein,3
1262,STX6,human protein,3
1263,STX7,human protein,3
1264,STXBP3,human protein,3
1265,SUGT1,human protein,3
1266,SULT1A3,human protein,3
1267,SUMF2,human protein,3
1268,SUN2,human protein,3
1269,SURF4,human protein,3
1270,SUZ12,human protein,3
1271,SYMPK,human protein,3
1272,SYNGR1,human protein,3
1273,SYNGR2,human protein,3
1274,SYNGR3,human protein,3
1275,SYPL1,human protein,3
1276,SYS1,human protein,3
1277,TACO1,human protein,3
1278,TAF4,human protein,3
1279,TAMM41,human protein,3
1280,TAPT1,human protein,3
1281,TARS2,human protein,3
1282,TATDN2,human protein,3
1283,TAX1BP1,human protein,3
1284,TBC1D8,human protein,3
1285,TBCA,human protein,3
1286,TBCB,human protein,3
1287,TBCE,human protein,3
1288,TBK1,human protein,3
1289,TBKBP1,human protein,3
1290,TBL2,human protein,3
1291,TBL3,human protein,3
1292,TCF12,human protein,3
1293,TCIRG1,human protein,3
1294,TCP1,human protein,3
1295,TCTN3,human protein,3
1296,TECR,human protein,3
1297,TEX10,human protein,3
1298,TGFB1,human protein,3
1299,TGFB2,human protein,3
1300,TGFBI,human protein,3
1301,TGFBR1,human protein,3
1302,TGFBR2,human protein,3
1303,TGOLN2,human protein,3
1304,THADA,human protein,3
1305,THTPA,human protein,3
1306,TIF1B,human protein,3
1307,TIMELESS,human protein,3
1308,TIMM10,human protein,3
1309,TIMM10B,human protein,3
1310,TIMM17A,human protein,3
1311,TIMM17B,human protein,3
1312,TIMM29,human protein,3
1313,TIMM8B,human protein,3
1314,TIMM9,human protein,3
1315,TLCD1,human protein,3
1316,TLE1,human protein,3
1317,TLE3,human protein,3
1318,TLE5,human protein,3
1319,TM2D3,human protein,3
1320,TM9SF1,human protein,3
1321,TM9SF2,human protein,3
1322,TM9SF3,human protein,3
1323,TM9SF4,human protein,3
1324,TMED10,human protein,3
1325,TMED2,human protein,3
1326,TMED4,human protein,3
1327,TMED5,human protein,3
1328,TMED7,human protein,3
1329,TMED9,human protein,3
1330,TMEM106C,human protein,3
1331,TMEM109,human protein,3
1332,TMEM120B,human protein,3
1333,TMEM135,human protein,3
1334,TMEM147,human protein,3
1335,TMEM156,human protein,3
1336,TMEM159,human protein,3
1337,TMEM164,human protein,3
1338,TMEM168,human protein,3
1339,TMEM177,human protein,3
1340,TMEM184B,human protein,3
1341,TMEM192,human protein,3
1342,TMEM199,human protein,3
1343,TMEM208,human protein,3
1344,TMEM214,human protein,3
1345,TMEM221,human protein,3
1346,TMEM223,human protein,3
1347,TMEM231,human protein,3
1348,TMEM237,human protein,3
1349,TMEM248,human protein,3
1350,TMEM254,human protein,3
1351,TMEM256,human protein,3
1352,TMEM258,human protein,3
1353,TMEM30B,human protein,3
1354,TMEM33,human protein,3
1355,TMEM39B,human protein,3
1356,TMEM41A,human protein,3
1357,TMEM68,human protein,3
1358,TMEM70,human protein,3
1359,TMEM87A,human protein,3
1360,TMEM97,human protein,3
1361,TMF1,human protein,3
1362,TMOD3,human protein,3
1363,TMPO,human protein,3
1364,TMPPE,human protein,3
1365,TMPRSS2,human protein,3
1366,TMPS2,human protein,3
1367,TMTC4,human protein,3
1368,TMUB1,human protein,3
1369,TMX1,human protein,3
1370,TNFAIP2,human protein,3
1371,TNFRSF10A,human protein,3
1372,TNFRSF10B,human protein,3
1373,TNFRSF10D,human protein,3
1374,TNFRSF1A,human protein,3
1375,TNFRSF21,human protein,3
1376,TNFSF15,human protein,3
1377,TNFSF9,human protein,3
1378,TNIP1,human protein,3
1379,TOM1L1,human protein,3
1380,TOMM70,human protein,3
1381,TOP1,human protein,3
1382,TOR1A,human protein,3
1383,TOR1AIP1,human protein,3
1384,TOR1AIP2,human protein,3
1385,TOR1B,human protein,3
1386,TPBG,human protein,3
1387,TPD52,human protein,3
1388,TPM3,human protein,3
1389,TPM4,human protein,3
1390,TRAF6,human protein,3
1391,TRAM1,human protein,3
1392,TRAPPC5,human protein,3
1393,TREX1,human protein,3
1394,TRI27,human protein,3
1395,TRIM16,human protein,3
1396,TRIM47,human protein,3
1397,TRIM59,human protein,3
1398,TRIM7,human protein,3
1399,TRMT1,human protein,3
1400,TRMT1L,human protein,3
1401,TRO,human protein,3
1402,TRPM4,human protein,3
1403,TS101,human protein,3
1404,TSKU,human protein,3
1405,TSPAN14,human protein,3
1406,TSPO,human protein,3
1407,TSR1,human protein,3
1408,TTC14,human protein,3
1409,TTC27,human protein,3
1410,TTF1,human protein,3
1411,TTI1,human protein,3
1412,TTYH3,human protein,3
1413,TUBGCP2,human protein,3
1414,TUBGCP3,human protein,3
1415,TUSC3,human protein,3
1416,TUT1,human protein,3
1417,TVP23C,human protein,3
1418,TYSND1,human protein,3
1419,TYW1,human protein,3
1420,U2AF1,human protein,3
1421,UB2D2,human protein,3
1422,UBA1,human protein,3
1423,UBAP2,human protein,3
1424,UBAP2L,human protein,3
1425,UBC,human protein,3
1426,UBC9,human protein,3
1427,UBE2G2,human protein,3
1428,UBE3C,human protein,3
1429,UBIAD1,human protein,3
1430,UBL3,human protein,3
1431,UBQLN1,human protein,3
1432,UBR5,human protein,3
1433,UBXN8,human protein,3
1434,UCHL1,human protein,3
1435,UGCG,human protein,3
1436,UGGT2,human protein,3
1437,UNC50,human protein,3
1438,UNC93B1,human protein,3
1439,UPF1,human protein,3
1440,UPK1B,human protein,3
1441,UPK3B,human protein,3
1442,URI1,human protein,3
1443,USO1,human protein,3
1444,USP13,human protein,3
1445,USP34,human protein,3
1446,USP54,human protein,3
1447,USP8,human protein,3
1448,USP9X,human protein,3
1449,VAMP2,human protein,3
1450,VAMP3,human protein,3
1451,VAMP4,human protein,3
1452,VAMP7,human protein,3
1453,VASP,human protein,3
1454,VDAC2,human protein,3
1455,VEZF1,human protein,3
1456,VEZT,human protein,3
1457,VIM,human protein,3
1458,VKOR1,human protein,3
1459,VKORC1,human protein,3
1460,VKORC1L1,human protein,3
1461,VMP1,human protein,3
1462,VPS11,human protein,3
1463,VPS13A,human protein,3
1464,VPS16,human protein,3
1465,VPS18,human protein,3
1466,VPS26A,human protein,3
1467,VPS39,human protein,3
1468,VPS41,human protein,3
1469,VPS45,human protein,3
1470,VTI1A,human protein,3
1471,WASHC4,human protein,3
1472,WDFY3,human protein,3
1473,WDR6,human protein,3
1474,WDR72,human protein,3
1475,WDR76,human protein,3
1476,WDR83OS,human protein,3
1477,WFS1,human protein,3
1478,WWP1,human protein,3
1479,WWP2,human protein,3
1480,XPO1,human protein,3
1481,XPO5,human protein,3
1482,XPOT,human protein,3
1483,XRN2,human protein,3
1484,XXYLT1,human protein,3
1485,YBX3,human protein,3
1486,YIF1A,human protein,3
1487,YIF1B,human protein,3
1488,YIPF3,human protein,3
1489,YIPF4,human protein,3
1490,YTHDF2,human protein,3
1491,YWHAQ,human protein,3
1492,ZC3H18,human protein,3
1493,ZC3H7A,human protein,3
1494,ZDH17,human protein,3
1495,ZDHHC13,human protein,3
1496,ZDHHC18,human protein,3
1497,ZDHHC20,human protein,3
1498,ZDHHC21,human protein,3
1499,ZDHHC3,human protein,3
1500,ZDHHC5,human protein,3
1501,ZDHHC6,human protein,3
1502,ZDHHC9,human protein,3
1503,ZFC3H1,human protein,3
1504,ZFPL1,human protein,3
1505,ZMPSTE24,human protein,3
1506,ZNF148,human protein,3
1507,ZNF217,human protein,3
1508,ZNF250,human protein,3
1509,ZNF318,human protein,3
1510,ZNF503,human protein,3
1511,ZNF512B,human protein,3
1512,ZNF768,human protein,3
1513,ZNHIT6,human protein,3
1514,ZNRF3,human protein,3
1515,ZW10,human protein,3
1516,ZYG11B,human protein,3
1517,ZYX,human protein,3
